NAME,ref_G,ref_FGA,ref_FTA,ref_PF,ref_PTS,ref_FGA_pgrel,ref_FTA_pgrel,ref_PF_pgrel,ref_PTS_pgrel,ref_home_win_loss,ref_home_FGA,ref_home_FTA,ref_home_PF,ref_home_PTS,ref_away_win_loss,ref_away_FGA,ref_away_FTA,ref_away_PF,ref_away_PTS,ref_win_loss_hvrel,ref_FGA_hvrel,ref_FTA_hvrel,ref_PF_hvrel,ref_PTS_hvrel
Ray Acosta,374,175.3296791,46.35427807,40.12834225,223.2229947,-1.223262032,0.828877005,-0.061764706,-0.832085561,0.574794118,88.15588235,23.40320856,19.7644385,112.6815508,0.425205882,87.18930481,22.96791444,20.34839572,110.5665775,0.012414439,0.993582888,-0.059090909,-0.289304813,-0.034491979
Brandon Adair,290,177.6589655,43.56758621,38.20172414,222.0496552,0.806551724,-1.981724138,-1.913793103,-2.783448276,0.531106897,88.73482759,21.76862069,19.16413793,111.2393103,0.468893103,88.90448276,21.8137931,19.00241379,110.8358621,-0.071037931,-0.136206897,-0.571034483,0.463103448,-1.618965517
Brent Barnaky,818,171.2255501,44.86124694,39.40012225,212.3255501,-0.159413203,-1.003422983,-0.879706601,-0.244987775,0.563617359,85.38899756,22.92836186,19.45635697,107.1652812,0.436382641,85.83765281,21.93239609,19.96295844,105.1764059,-0.031239609,-0.387408313,0.256968215,-0.004889976,-0.505134474
Curtis Blair,896,170.2719866,45.69095982,40.22053571,210.5132813,-0.104910714,-0.52265625,-0.227678571,-0.693638393,0.555774554,85.04564732,23.40212054,19.8671875,106.1106027,0.444225446,85.20122768,22.29129464,20.35502232,104.4082589,-0.051197545,-0.109933036,0.290178571,0.048325893,-0.809040179
Matt Boland,1192,168.080453,47.68288591,41.96996644,205.6830537,0.59135906,0.110738255,0.536493289,-0.783473154,0.571363255,84.12667785,24.06736577,20.82877517,103.9034396,0.428636745,83.97558725,23.61493289,21.15008389,101.792198,-0.03308557,0.12659396,-0.507634228,0.32885906,-0.639848993
Tony Brothers,1804,165.537306,49.10587583,42.61186253,203.1608093,-0.123115299,0.696895787,0.291019956,0.576662971,0.578783259,82.92505543,24.96807095,20.99035477,102.8930155,0.421252217,82.60421286,24.13614191,21.63736142,100.2767184,-0.026045455,0.179600887,-0.07732816,-0.030044346,-0.268569845
Nick Buchert,814,170.2595823,46.22518428,40.75982801,211.7418919,-1.048402948,0.368427518,0.467444717,-0.662407862,0.57987715,84.95233415,23.47469287,20.11855037,107.0007371,0.42012285,85.32874693,22.75761671,20.63513514,104.72543,0.00147543,-0.302211302,-0.042260442,0.011425061,-0.192137592
John Butler,219,178.0575342,45.88767123,39.52191781,224.9013699,1.293150685,0.273972603,-0.378082192,-0.805479452,0.566369863,89.03561644,22.79315068,19.74246575,113.3712329,0.434068493,89.0260274,23.09041096,19.75890411,111.5260274,0.005068493,0.095890411,-0.816438356,0.221917808,-0.179452055
James Capers Jr.,1653,166.0717483,47.57519661,42.10090744,201.2208711,0.559165154,-0.708348457,-0.168844525,-0.725166364,0.628503327,83.12123412,24.39213551,20.61760436,102.2155475,0.371496673,82.93448276,23.17495463,21.47725348,98.98802178,0.072914701,0.054506957,0.294071385,-0.259951603,0.338656987
Derrick Collins,1335,167.1453933,47.12644195,41.19153558,204.227191,0.481048689,-0.387041199,-0.366516854,0.274082397,0.592526592,83.41460674,24.11625468,20.22561798,103.5354307,0.407473408,83.7352809,23.01423221,20.95123596,100.6870412,0.005225468,-0.371011236,0.173932584,-0.1,0.0082397
John Conley,134,176.6477612,45.48208955,40.1738806,225.9089552,0.037313433,-0.175373134,0.491044776,-0.4,0.522574627,88.68059701,22.79477612,20.16791045,113.6567164,0.477425373,87.96716418,22.68731343,20,112.2044776,-0.084619403,0.803731343,-0.415671642,0.390298507,-0.573880597
Sean Corbin,1608,164.9388682,49.43264925,42.67904229,202.2075871,-0.340858209,0.552425373,0.015174129,0.364552239,0.625011194,82.35304726,25.66753731,20.79371891,102.8861318,0.374988806,82.5965796,23.76330846,21.87835821,99.32300995,0.06419403,-0.378109453,0.962810945,-0.477549751,0.642226368
Kevin Cutler,776,171.5068299,45.37667526,39.90528351,212.7479381,0.33556701,-0.455541237,-0.377190722,0.651546392,0.57723067,85.59536082,23.44188144,19.36829897,107.7555412,0.42276933,85.92731959,21.95,20.52332474,105.0079897,-0.003833763,-0.280798969,0.760695876,-0.583891753,0.266237113
Mousa Dagher,239,176.0338912,45.74937238,40.70585774,225.6355649,-0.910041841,0.148953975,0.617991632,0.40209205,0.531276151,88.42594142,22.31589958,20.51589958,113.9995816,0.468857741,87.63138075,23.4334728,20.18995816,111.6912134,-0.068468619,0.917573222,-1.633472803,0.59790795,0.248117155
Eric Dalen,792,170.3941919,44.53131313,38.8584596,207.0606061,0.699368687,-1.839520202,-1.652777778,-2.71780303,0.583291667,85.10871212,22.68762626,19.07916667,104.6914141,0.416708333,85.27739899,21.84368687,19.79027778,102.3691919,2.65E-05,-0.111111111,-0.049368687,-0.123989899,-0.239393939
Marc Davis,1586,166.7906683,47.59413619,40.95409836,203.5716267,0.319041614,-0.237894073,-0.910466583,-0.073833544,0.582656368,83.30775536,24.29659521,20.27717528,102.9428752,0.417383985,83.48732661,23.30119798,20.6741488,100.6288146,-0.017611602,-0.24627995,0.090226986,0.198297604,-0.544766709
J.B. DeRosa,384,178.3981771,45.69036458,40.20989583,225.4575521,1.886458333,0.236458333,0.079427083,1.466666667,0.596294271,89.25130208,23.0234375,20.03567708,113.8057292,0.403705729,89.16328125,22.6875,20.22135417,111.6518229,0.056929688,0.13671875,-0.184895833,0.12734375,0.059635417
Mitchell Ervin,507,174.5820513,49.04871795,42.3270217,222.9798817,-0.43234714,3.420315582,2.163116371,2.677120316,0.562071006,87.85483235,24.99625247,21.00216963,112.4412229,0.437928994,86.72721893,24.05285996,21.31558185,110.5512821,-0.019313609,1.187573964,0.341814596,0.107692308,-0.416568047
Cheryl Flores,70,176.3,45.5,39.7,226.9,-0.3,-1.6,-0.3,-2.5,0.457,88.3,22.3,20.6,114.5,0.543,87.9,23.2,19.1,112.4,-0.248,0.4,-1.5,1.8,-0.4
Tyler Ford,533,173.2851782,47.30056285,41.29061914,220.4786116,-1.603752345,1.706941839,1.117073171,0.583677298,0.570386492,86.27636023,24.38742964,20.25103189,111.6268293,0.429613508,87.00881801,22.87767355,21.06322702,108.8283302,-0.004489681,-0.670731707,0.886491557,-0.40619137,0.490243902
Brian Forte,1019,169.9612365,46.03464181,40.21138371,209.0480864,0.092541708,-0.356820412,-0.311187439,-1.201668302,0.55742002,84.9686948,23.17389598,19.89960746,105.6874387,0.44257998,84.99244357,22.86545633,20.32158979,103.3735034,-0.051106968,0.016486752,-0.533562316,0.142198234,-0.270068695
Scott Foster,1816,165.13337,48.90814978,43.10534141,202.2329295,-0.321255507,0.44284141,0.751596916,0.054845815,0.601918502,82.68171806,24.87863436,21.31784141,102.652533,0.398081498,82.45864537,24.02367841,21.79460352,99.57676211,0.018889317,0.084140969,-0.074229075,0.13722467,0.16376652
Pat Fraher,1369,166.6625274,48.0723886,41.30182615,205.0401753,-0.271365961,0.464572681,-0.231482834,0.113805698,0.612200877,83.47932798,24.46669102,20.32505478,104.0490139,0.387799123,83.16457268,23.60058437,20.96749452,100.9965668,0.043740687,0.244923302,-0.075675676,-0.002191381,0.200146092
Jacyn Goble,414,174.4968599,48.22077295,40.90797101,224.2847826,-1.372222222,2.770289855,0.822463768,1.730193237,0.613644928,87.21908213,24.63743961,20.09565217,113.8403382,0.386355072,87.30772947,23.5678744,20.8205314,110.4241546,0.088007246,-0.026086957,0.538405797,-0.348067633,1.219806763
John Goble,1055,170.1252133,46.26815166,40.81810427,209.3649289,0.761327014,-0.272132701,0.23450237,0.002938389,0.600004739,85.1842654,23.39033175,20.18559242,106.2488152,0.399995261,84.95364929,22.88957346,20.63023697,103.1229384,0.031108057,0.278104265,-0.398672986,0.163696682,0.498199052
Jason Goldenberg,301,175.027907,46.76943522,41.04950166,225.1106312,-1.291362126,1.321594684,0.879401993,1.686378738,0.624734219,87.26877076,23.90265781,20.20066445,114.5524917,0.375265781,87.76046512,22.84086379,20.84119601,110.5445183,0.10910299,-0.432890365,0.568106312,-0.308637874,1.857807309
Nate Green,180,176.9766667,44.81222222,39.18777778,223.8338889,0.15,-0.718333333,-0.691111111,-1.799444444,0.4887,88.33555556,22.50833333,19.42222222,111.5944444,0.5113,88.64611111,22.35944444,19.72555556,112.2238889,-0.147494444,-0.203888889,-0.407222222,-0.015,-2.579444444
David Guthrie,1072,168.2733209,47.11613806,40.89440299,208.9001866,-0.170895522,-0.077705224,-0.203358209,0.459328358,0.564287313,84.19645522,23.96548507,20.22080224,105.5196828,0.435712687,84.07126866,23.14328358,20.66968284,103.3648321,-0.042194963,0.107182836,-0.081996269,0.181623134,-0.538432836
Brent Haskill,12,179.3,46.5,39.8,231.8,2.7,-0.6,-0.2,2.4,0.5,89.3,24.7,19,117.5,0.5,90,21.8,20.8,114.3,-0.162,-0.7,2.2,-1.5,0.7
Lauren Holtkamp-Sterling,383,173.3806789,45.68798956,40.04125326,215.464752,0.682245431,0.329503916,0.103655352,0.546214099,0.566441253,86.3078329,23.354047,19.82637076,108.4488251,0.433558747,87.0381201,22.37258486,20.20443864,106.9947781,-0.010214099,-0.664490862,0.277284595,0.061618799,-0.788772846
Robert Hussey,98,173.7387755,45.44081633,37.74897959,228.2408163,-2.865306122,-0.526530612,-1.865306122,0.844897959,0.724163265,86.67346939,23.17346939,18.74285714,116.8265306,0.275836735,87.06530612,22.26734694,19.07346939,111.3693878,0.310877551,-0.17755102,0.312244898,-0.06122449,3.387755102
Simone Jelks,62,176.9548387,44.10967742,39.73709677,220.1564516,-0.003225806,-0.840322581,0.080645161,-4.846774194,0.499870968,87.88387097,22.75806452,19.57903226,111.1193548,0.500129032,89.07096774,21.3516129,20.10483871,109.116129,-0.106,-0.816129032,0.7,-0.20483871,0.488709677
Matt Kallio,90,177.7488889,46.72444444,39.19111111,228.9022222,1.153333333,0.702222222,-0.451111111,1.453333333,0.455377778,88.45111111,23.6,19.48888889,114.5177778,0.544622222,89.29777778,23.05555556,19.70222222,114.3844444,-0.228088889,-0.737777778,-0.02,0.033333333,-1.968888889
Bill Kennedy,1524,165.5726378,48.08641732,41.96167979,202.912664,-0.085629921,0.067716535,0.032217848,0.481496063,0.582610892,82.76541995,24.27821522,20.82972441,102.8270341,0.417410105,82.79566929,23.8410105,21.1351706,100.0856955,-0.019165354,-0.111220472,-0.507808399,0.291535433,-0.150656168
Courtney Kirkland,1434,166.7882148,47.07217573,41.31011158,203.590795,-0.035495119,-0.573152022,-0.300209205,-1.011785216,0.593324268,83.38451883,24.22998605,20.23898187,103.1062762,0.406675732,83.41101813,22.83640167,21.08382148,100.488424,0.006677127,-0.077126918,0.475592748,-0.249930265,-0.228940028
Marat Kogut,807,170.071995,46.71672862,40.91276332,211.1744734,-0.565055762,0.694919455,0.528376704,0.048698885,0.547737299,84.98884758,23.86344486,20.19628253,106.2639405,0.452262701,85.06394052,22.87472119,20.71672862,104.9174721,-0.065282528,-0.026022305,0.202354399,0.043246592,-1.156629492
Karl Lane,760,172.7507895,45.58315789,40.41421053,213.8978947,0.6425,-0.056973684,0.226578947,0.105657895,0.586786842,86.56789474,23.25605263,19.90894737,108.5313158,0.413213158,86.16947368,22.33657895,20.49684211,105.3742105,0.019419737,0.485526316,0.151052632,-0.101578947,0.730657895
Eric Lewis,1224,167.3169935,48.66527778,42.43267974,207.8318627,-0.753676471,1.357843137,1.253349673,0.209477124,0.571872549,83.76413399,24.77034314,20.84869281,105.0623366,0.428179739,83.56388889,23.89027778,21.57303922,102.7851307,-0.028373366,0.204738562,-0.056944444,-0.121813725,-0.446486928
Mark Lindsay,943,169.4098621,46.02587487,40.0583245,208.6212089,0.261717922,-0.429056204,-0.553764581,0.104559915,0.592790032,84.65874867,23.17253446,19.79384942,105.7387063,0.407209968,84.75535525,22.85694592,20.23806999,102.8890774,0.017376458,-0.074019088,-0.563520679,0.169989396,0.20795334
Tre Maddox,711,173.4974684,45.23206751,40.10281294,214.0627286,1.627144866,-0.462447257,-0.12559775,0.872011252,0.585185654,86.53248945,22.75457103,20.03544304,108.7165963,0.414814346,86.97285513,22.48579466,20.07566807,105.3316456,0.01383263,-0.374964838,-0.478340366,0.450914205,0.930661041
Ed Malloy,1333,167.6715679,46.84291073,40.75176294,206.0103526,0.554688672,-0.734733683,-0.711852963,0.44696174,0.588231808,83.87426857,23.89872468,20.0648162,104.5731433,0.411816204,83.7891973,22.94531133,20.68222056,101.4388597,-0.003018005,0.046136534,0.011327832,0.000450113,0.33795949
Suyash Mehta,169,176.8976331,47.09230769,40.45976331,228.8881657,0.295266272,1.649112426,0.78816568,3.168639053,0.514852071,88.28106509,24.11952663,20.22899408,114.8686391,0.485147929,88.61656805,23.00059172,20.23076923,113.9656805,-0.094792899,-0.199408284,0.621301775,0.296449704,-1.078106509
Dannica Mosher,100,175.344,45.302,39.204,219.354,-1.252,-0.62,-0.404,-7.918,0.65012,88.194,23.368,19.306,112.106,0.34988,87.072,21.946,19.898,107.248,0.16258,1.242,0.838,-0.316,2.806
Rodney Mott,1555,165.9427653,48.01819936,42.58,202.6506109,0.119421222,-0.217620579,0.418906752,-0.004565916,0.611688103,83.0421865,24.48327974,20.91434084,103.0303537,0.388311897,82.91819936,23.52418006,21.67003215,99.6392283,0.036437299,0.03659164,0.016977492,-0.128681672,0.459163987
Ashley Moyer-Gleich,234,175.7961538,46.17606838,39.6,226.5568376,-1.202136752,0.055128205,-0.562393162,-0.032051282,0.546803419,87.37094017,23.75384615,19.69017094,114.2863248,0.453196581,88.4974359,22.40940171,19.89059829,112.2854701,-0.04774359,-1.012820513,0.708119658,0.118803419,-0.167521368
Matt Myers,251,176.9888446,46.5438247,40.86494024,224.4342629,0.621513944,0.803984064,0.772111554,0.149800797,0.573796813,88.56533865,23.62270916,20.42350598,113.1541833,0.426330677,88.43984064,22.92430279,20.44143426,111.3103586,0.009760956,0.185657371,0.157370518,0.298406375,-0.348605578
Andy Nagy,197,177.0969543,44.30203046,38.48629442,226.9812183,0.487817259,-1.199492386,-1.164467005,1.017766497,0.49764467,88.74416244,23.04365482,19.05025381,113.2416244,0.50235533,88.37715736,21.25837563,19.43604061,113.7192893,-0.13119797,0.492893401,1.297461929,-0.201015228,-2.522335025
Brett Nansel,381,175.5832021,46.7664042,40.43805774,222.7291339,0.203149606,1.215485564,0.37664042,1.172178478,0.598188976,88.20341207,22.94566929,20.27139108,112.8973753,0.401811024,87.37034121,23.82073491,20.15879265,109.8622047,0.05347769,0.896062992,-1.46824147,0.47847769,0.790813648
Pat O'Connell,12,187.7,48.7,43.2,233.8,11.1,1.6,3.2,4.4,0.5,95.2,27.2,20.2,116.5,0.5,92.5,21.5,23,117.3,-0.162,2.7,5.1,-2.5,-3.3
J.T. Orr,658,171.9085106,45.79422492,40.55334347,212.3989362,0.490121581,0.044224924,0.232826748,0.324772036,0.597221884,85.8831307,22.89240122,20.18738602,107.4869301,0.402778116,86.02507599,22.91854103,20.35440729,104.9208207,0.034331307,-0.079787234,-0.755927052,0.343920973,0.036930091
Gediminas Petraitis,533,174.756848,45.78630394,40.16904315,220.988743,-0.163602251,0.194934334,-0.003001876,1.003189493,0.547797373,87.13208255,23.19662289,19.90506567,111.2549719,0.452202627,87.61275797,22.60393996,20.26641651,109.7639775,-0.048750469,-0.410131332,-0.016510319,0.066228893,-0.785553471
Jamahl Ralls,12,180,57,46.8,245,3.4,9.9,6.8,15.6,0.667,93.2,29.5,23.2,127,0.333,86.8,27.5,23.7,118,0.171,6.3,1.4,-0.2,6.5
Phenizee Ransom,248,176.6528226,44.05403226,39.56209677,223.433871,-0.031451613,-1.497983871,-0.492741935,-1.247983871,0.552471774,88.49193548,22.00524194,19.84717742,112.8919355,0.447528226,88.17540323,22.06048387,19.73387097,110.5229839,-0.028524194,0.347580645,-0.581048387,0.384677419,0.323790323
Jenna Reneau,10,183.2,41.4,40.8,239.8,6.6,-5.7,0.8,10.4,0.6,89.8,22.6,19.6,119.2,0.4,93.4,18.8,21.2,120.6,0.038,-3.6,3.2,-1.3,-3.9
Derek Richardson,1486,164.5347241,49.27812921,43.02806191,202.0010767,-0.652557201,0.900807537,0.689636608,0.77705249,0.58337214,82.12254374,25.17846568,21.17873486,102.4106999,0.41662786,82.40410498,24.08761777,21.84858681,99.6025572,-0.019571332,-0.39064603,0.153903096,-0.048384926,-0.103364738
Natalie Sago,296,176.5560811,47.00608108,40.3972973,226.3712838,-0.284459459,1.375337838,0.4,0.894932432,0.510189189,87.74864865,23.77128378,20.07702703,113.9425676,0.489810811,88.82905405,23.25,20.32027027,112.4179054,-0.111472973,-1.010810811,0.052702703,0.002702703,-0.547297297
Jenna Schroeder,172,176.7401163,45.14883721,39.18546512,226.1366279,0.025,-0.305232558,-0.605813953,0.559883721,0.476662791,88.58604651,22.86802326,19.04825581,113.4883721,0.523337209,88.13197674,22.2372093,20.1372093,112.6889535,-0.167755814,0.602325581,0.150581395,-0.853488372,-1.127906977
Brandon Schwab,143,177.9447552,45.10769231,38.62587413,225.0699301,1.425874126,-0.575524476,-0.987412587,-1.366433566,0.580440559,89.60559441,22.77132867,19.27062937,114.1993007,0.419559441,88.33916084,22.33636364,19.36923077,110.9293706,0.028188811,1.323076923,-0.056643357,0.178321678,1.184615385
Danielle Scott,77,178.3090909,42.13636364,37.77402597,228.6857143,1.812987013,-2.324675325,-1.453246753,4.555844156,0.54561039,88.15064935,20.80909091,19.24025974,114.7662338,0.45438961,90.15844156,21.29350649,18.49090909,113.9623377,-0.016116883,-1.890909091,-0.894805195,0.920779221,-0.855844156
Evan Scott,195,176.3984615,45.89794872,39.39692308,226.3153846,-0.397435897,0.326666667,-0.531282051,0.778974359,0.599902564,88.19435897,23.13692308,19.47384615,114.5507692,0.400097436,88.24512821,22.76102564,19.92307692,111.7646154,0.073584615,0.06,-0.158461538,-0.190769231,0.835897436
Kevin Scott,722,172.8301939,45.03421053,40.05263158,214.4727147,0.85900277,-0.702770083,-0.206094183,0.942382271,0.580342105,86.05623269,23.23767313,19.59515235,108.4357341,0.419657895,86.79404432,21.78351801,20.44626039,106.0369806,0.00484903,-0.632825485,0.695844875,-0.355955679,-0.073961219
Aaron Smith,459,175.5864924,44.30196078,38.74139434,221.1511983,0.105228758,-1.196949891,-1.364705882,-0.344444444,0.590599129,87.91176471,22.44488017,19.20152505,111.895207,0.409400871,87.67472767,21.81481481,19.51372549,109.2559913,0.03851634,0.307407407,0.050980392,0.048366013,0.423311547
Michael Smith,1797,165.0166388,49.77735114,43.40139121,202.4657206,-0.55409015,1.196160267,0.989482471,0.1786867,0.595951029,82.67440178,25.46304953,21.34028937,102.772788,0.404075682,82.3327212,24.29232053,22.04991653,99.70845854,0.006966055,0.188425153,0.240122426,-0.099220924,0.143127435
Jonathan Sterling,318,176.363522,44.92955975,40.72641509,223.5355346,-0.003459119,-0.384591195,0.613836478,0.116981132,0.619345912,88.37578616,22.85597484,20.15597484,113.3201258,0.380654088,87.98710692,22.09056604,20.59968553,110.2154088,0.103490566,0.442138365,0.261006289,-0.15754717,1.016352201
Ben Taylor,651,172.6271889,46.87557604,41.32826421,217.9844854,-0.799231951,1.187096774,1.073732719,1.37235023,0.566738863,86.38817204,23.41858679,20.76082949,110.2258065,0.433261137,86.23241167,23.44823349,20.55069124,107.7508449,-0.014047619,0.226574501,-0.701843318,0.64500768,0.143471582
Dedric Taylor,574,174.4125436,46.2825784,40.13188153,218.6489547,0.307839721,0.698083624,-0.076480836,0.771428571,0.581848432,87.32334495,23.68954704,19.57700348,110.5163763,0.418151568,87.11898955,22.57421603,20.54372822,108.1423345,0.018883275,0.280139373,0.417595819,-0.519512195,0.091637631
Josh Tiven,861,169.8109175,47.30011614,40.61509872,213.075842,-1.459930314,1.43495935,0.340069686,0.734494774,0.562189315,84.84622532,24.08118467,20.09500581,107.4836237,0.437810685,84.98350755,23.21056911,20.52810685,105.5918699,-0.034012776,-0.070150987,0.095934959,0.073286876,-0.619512195
Scott Twardoski,698,171.8058739,45.68739255,40.43710602,211.9243553,0.006160458,0.061031519,0.204297994,-0.982951289,0.590388252,85.96919771,23.13538682,19.98681948,107.3275072,0.409703438,85.82808023,22.5504298,20.45730659,104.5958453,0.024896848,0.190830946,-0.162034384,0.047277937,0.298280802
Justin Van Duyne,562,173.155516,44.83558719,39.9272242,215.8238434,-0.678469751,-0.822597865,-0.228825623,-1.790213523,0.560300712,86.19377224,22.90551601,19.71992883,108.9530249,0.439699288,86.96174377,21.92046263,20.23914591,106.861032,-0.025183274,-0.693238434,0.316014235,-0.047508897,-0.233274021
Scott Wall,1534,165.3808996,47.71512386,41.66988266,201.2663625,-0.067470665,-0.576401565,-0.584419817,-0.601629726,0.591941982,82.81766623,24.22744459,20.52301173,101.9928292,0.408058018,82.56303781,23.4880704,21.14947849,99.28239896,-0.000395698,0.114211213,-0.169947849,-0.02946545,-0.168970013
C.J. Washington,340,173.6294118,46.73294118,40.90588235,220.6402941,-1.631176471,1.237352941,0.802058824,-0.333235294,0.520794118,86.81735294,23.67735294,20.18764706,110.9923529,0.479205882,86.78617647,23.05558824,20.71823529,109.6497059,-0.100955882,0.079117647,0.040588235,-0.164117647,-0.920294118
Tom Washington,1855,164.9153639,49.65816712,43.29520216,201.3713747,-0.442048518,0.658760108,0.59541779,0.003989218,0.60649973,82.59800539,25.57460916,21.13730458,102.4679784,0.39350027,82.30679245,24.08625337,22.15423181,98.90684636,0.022952022,0.125929919,0.486846361,-0.347493261,0.53212938
James Williams,825,172.1410909,45.47236364,40.01248485,212.998303,0.820848485,-0.410424242,-0.274545455,0.549454545,0.567075152,86.24072727,23.05151515,19.64642424,107.6284848,0.432924848,85.89333333,22.42375758,20.35915152,105.3552727,-0.024027879,0.430787879,-0.144,-0.240606061,-0.199393939
Leon Wood,1616,166.1185644,47.42048267,42.3075495,201.9115718,0.723143564,-0.818811881,0.126113861,0.171905941,0.584799505,83.04257426,24.23595297,20.76844059,102.3030941,0.415200495,83.07759901,23.20222772,21.52240099,99.62035891,-0.015361386,-0.145173267,0.124628713,-0.14740099,-0.214851485
Sean Wright,1128,168.0852837,48.59893617,42.0429078,209.1798759,-0.465868794,1.531117021,1.06037234,0.688475177,0.591361702,84.10159574,24.56799645,20.86719858,106.0410461,0.408638298,83.96179078,24.01480496,21.16551418,103.1388298,0.01268883,0.156914894,-0.36072695,0.304609929,0.246631206
Zach Zarba,1311,167.7720824,47.15476735,41.23974066,207.013196,0.15682685,-0.264454615,-0.064988558,0.404500381,0.553832189,83.97376049,23.7559878,20.42158658,104.4783371,0.446167811,83.80312738,23.39923722,20.84309687,102.5239512,-0.067024409,0.151182304,-0.594279176,0.199618612,-0.780091533
Bruce Alexander,690,168.3468116,53.26623188,45.86101449,205.1684058,0.255072464,-0.829565217,0.15942029,0.545942029,0.644966667,84.19376812,27.52913043,22.45101449,104.9563768,0.355033333,84.15855072,25.74057971,23.41507246,100.2327536,0.047134783,-0.263188406,0.241014493,0.022898551,0.738115942
Hank Armstrong,601,166.6234609,55.63028286,47.30798669,204.3454243,-1.212978369,2.027287854,1.569384359,0.865058236,0.608955075,83.2515807,28.77021631,23.08951747,104.0387687,0.391044925,83.3718802,26.89400998,24.19966722,100.3123128,-0.024364393,-0.42063228,0.423793677,-0.202828619,-0.222462562
Dick Bavetta,1711,163.0043834,52.4849211,45.41846873,199.5012858,-1.459848042,1.111221508,1.258562244,0.358971362,0.572264173,81.9912332,26.20765634,22.64079486,101.0663355,0.427763881,81.0100526,26.28270018,22.77364115,98.43243717,-0.076531268,0.741905319,-1.349970777,0.693687902,-0.901753361
Gary Benson,879,165.1001138,52.04857793,44.59624573,198.1861206,-0.329351536,-0.290443686,-0.448350398,-1.03367463,0.605232082,82.72650739,26.7,21.71296928,101.0930603,0.394767918,82.38532423,25.34141069,22.87042093,97.09783845,-0.020744027,0.000113766,0.077246871,-0.365984073,0.256541524
Ted Bernhardt,934,163.8993576,53.12291221,45.67687366,199.6280514,-1.361456103,0.887152034,0.650963597,0.699250535,0.619913276,82.2130621,27.35535332,22.35524625,101.6817987,0.380138116,81.70845824,25.77880086,23.33040685,97.95438972,0.01056531,0.173875803,0.339186296,-0.186830835,0.021520343
Joe Borgia,558,168.446595,53.17114695,45.10304659,204.8494624,0.044265233,-1.121505376,-0.618996416,-0.727777778,0.612908602,84.4218638,27.23405018,22.12562724,104.2924731,0.387091398,84.0234767,25.94659498,22.96021505,100.5476703,-0.016241935,0.065412186,-0.316666667,0.181003584,-0.249283154
James Capers Sr.,278,174.0028777,54.80359712,46.32122302,211.6485612,-0.630215827,-0.973381295,0.184532374,-1.453956835,0.582589928,86.8147482,27.98669065,22.77841727,107.7169065,0.417410072,87.1881295,26.79316547,23.58417266,103.9316547,-0.124697842,-0.515467626,-0.917266187,0.469064748,-0.972302158
Jim Clark,1330,164.7750376,53.33879699,45.28864662,200.8384962,0.190300752,1.071278195,0.437969925,1.479398496,0.59247594,82.55759398,27.18556391,22.35977444,101.9731579,0.40757218,82.2218797,26.13383459,22.94932331,98.8706015,-0.041824812,0.043458647,-0.278646617,0.25075188,-0.55481203
Dan Crawford,1907,165.7359727,49.82884111,43.24546408,199.431935,0.883953854,-0.897325642,-0.431410593,-0.265338228,0.618303094,82.96224436,25.53932879,21.18028317,101.4402727,0.381730467,82.78536969,24.29255375,22.07556371,97.98484531,0.022327216,-0.033665443,0.006187729,-0.090456214,0.041059255
Joe Crawford,1754,166.9231471,47.84310148,42.01282782,197.8055872,2.225997719,-3.285917902,-1.983580388,-1.466191562,0.587246294,83.52240593,24.36431015,20.74640821,100.3375143,0.412753706,83.39236032,23.46761688,21.26761688,97.46254276,-0.044464652,-0.091505131,-0.348346636,0.294127708,-0.624230331
Bob Delaney,1423,164.3910049,51.01257906,44.20330288,197.8674631,-0.072382291,-0.933520731,-0.300843289,-1.468868587,0.611301476,82.35544624,26.15657063,21.68840478,100.7611384,0.388698524,82.04666198,24.85200281,22.50337316,97.10646521,-0.001109628,0.016303584,0.013281799,0.010822207,0.066127899
Terry Durham,794,166.038665,54.18866499,46.43916877,201.6675063,-0.532367758,0.979345088,0.94861461,0.056423174,0.622163728,82.96649874,27.74319899,22.85629723,102.7953401,0.377836272,83.06687657,26.45667506,23.60982368,98.88047859,0.012428212,-0.419017632,-0.064861461,0.118639798,0.120151134
Hugh Evans,842,166.507601,54.9692399,46.80071259,204.0133017,-0.669833729,1.340261283,1.13824228,1.157719715,0.621194774,83.27565321,28.36294537,22.75890736,103.8324228,0.378862233,83.22304038,26.63111639,24.03610451,100.1893112,0.004195962,-0.269239905,0.274940618,-0.371615202,-0.234441805
Nolan Fine,934,165.15803,55.25246253,47.13479657,201.5894004,-0.481477516,2.799571734,2.030835118,1.93993576,0.602847966,82.69743041,28.19646681,23.15299786,102.6773019,0.397152034,82.4624197,27.09550321,24.00567452,98.8993576,-0.026127409,-0.098929336,-0.170449679,-0.059421842,0.01124197
Joe Forte,1407,163.8109453,53.14051173,45.04506041,200.4196873,-0.622459133,1.019545131,0.29445629,1.279033404,0.596937456,82.42196162,27.0079602,22.19161336,101.9395878,0.403062544,81.39253731,26.1525231,22.85977257,98.48898365,-0.029810945,0.723240938,-0.434257285,0.144491827,-0.158635394
Bernie Fryer,1114,165.2324955,51.91373429,44.16050269,199.2037702,0.154039497,-0.543357271,-0.973608618,-0.111849192,0.593255835,82.82172352,26.73070018,21.61140036,101.1953321,0.406744165,82.41499102,25.18572711,22.54362657,98.01687612,-0.043710054,0.144883303,0.272172352,-0.090394973,-0.537971275
Darell Garretson,283,172.4512367,54.80600707,45.02862191,210.265371,-1.181625442,-0.599646643,-0.843109541,-1.180918728,0.699699647,86.08975265,28.83886926,21.63957597,108.0770318,0.300300353,86.37597173,25.95123675,23.37279152,102.1865724,0.121416961,-0.51590106,0.93745583,-0.514840989,1.283392226
Ron Garretson,2031,166.5690793,47.50669621,41.54859675,199.0359921,1.077154111,-2.925701625,-1.992368291,-1.725553914,0.640043328,83.43190547,24.7229936,20.07040867,101.837223,0.359956672,83.1304776,22.78498277,21.4586903,97.19684884,0.067106352,0.12717873,0.747907435,-0.590251108,1.242983752
Luis Grillo,1134,163.157231,53.34823633,46.07883598,199.4169312,-1.179365079,1.265343915,1.292680776,0.670634921,0.590766314,81.87998236,27.31975309,22.68333333,101.3881834,0.409233686,81.28095238,26.02425044,23.39100529,98.04717813,-0.041835979,0.324250441,0.034832451,0.081834215,-0.264373898
Rusty Herring,96,176.146875,56.740625,47.096875,216.271875,0.10625,0.096875,0.328125,1,0.57321875,89.29375,28.13125,23.509375,109.859375,0.42678125,86.853125,28.609375,23.5875,106.465625,-0.18896875,2.3125,-2.778125,1.328125,-1.68125
Hue Hollins,969,165.1595459,51.03054696,44.6251806,198.769969,-1.278844169,-1.825180599,-0.662745098,-2.295872033,0.63268937,82.77739938,26.99690402,21.3623323,101.9246646,0.367376677,82.40278638,24.02683179,23.27739938,96.83498452,0.030436533,0.059339525,1.664086687,-1.084416925,1.258926729
Jim Huetter,92,176.9152174,56.17391304,46.1826087,214.5282609,0.917391304,-0.447826087,-0.573913043,-0.673913043,0.684847826,87.6326087,29.03043478,22.58478261,110.1,0.315152174,89.22826087,27.19782609,23.59782609,104.4282609,0.03526087,-1.715217391,-0.376086957,0.441304348,0.506521739
Steve Javie,1374,165.496361,49.7937409,43.24825328,198.3936681,0.990975255,-2.348689956,-1.455822416,-0.994395924,0.604808588,82.88377001,25.43427948,21.29956332,101.0270742,0.395191412,82.62540029,24.36295488,21.93901019,97.37641921,-0.01590393,-0.033042213,-0.234716157,0.180640466,0.013537118
Lee Jones,487,171.010883,53.68911704,45.13531828,208.7476386,-0.141683778,-1.283983573,-0.847638604,-0.479671458,0.653055441,85.57761807,27.94271047,21.78295688,106.4379877,0.346944559,85.44743326,25.75995893,23.36468172,102.3229979,0.045921971,-0.133470226,0.370841889,-0.454825462,-0.175564682
Jess Kersey,1076,165.0507435,52.97927509,44.82239777,200.839684,-0.400371747,0.260873606,-0.326022305,0.449163569,0.612565985,82.95195167,27.18299257,21.95381041,102.2047398,0.387434015,82.1144052,25.80492565,22.86552045,98.63884758,-0.007406134,0.527881041,0.013011152,-0.037081784,-0.199256506
Jim Kinsey,713,167.7931276,53.05876578,45.5687237,203.045021,0.938709677,-0.244740533,0.053436185,1.052314165,0.632521739,83.97643759,27.44039271,22.20476858,103.5863955,0.367478261,83.83197756,25.62215989,23.34936886,99.47391304,0.029112202,-0.178821879,0.412903226,-0.275035063,0.296213184
Mike Lauerman,155,174.6625806,56.95032258,48.02645161,214.4935484,0.352903226,0.736129032,1.335483871,1.031612903,0.664677419,87.58967742,29.79290323,23.40322581,110.1406452,0.335735484,87.07290323,27.15741935,24.62322581,104.4006452,0.008251613,0.376774194,0.486451613,0.131612903,0.88516129
Jack Madden,327,174.4027523,55.67431193,46.03363914,212.7816514,1.089296636,-0.022018349,-0.052293578,1.334862385,0.599376147,87.66513761,28.19174312,22.74434251,108.5920489,0.400623853,86.73761468,27.45749235,23.28929664,104.1715596,-0.078788991,0.730275229,-1.225688073,0.676452599,-0.188379205
Mike Mathis,745,167.430604,51.94872483,46.0166443,201.5394631,-0.751409396,-1.747919463,0.29704698,-2.544026846,0.625453691,83.76402685,26.79275168,22.64604027,102.5794631,0.374546309,83.67919463,25.15597315,23.36979866,98.98469799,0.006471141,-0.213691275,0.092080537,0.214362416,-0.393557047
Ken Mauer,1929,166.9645412,48.72156558,41.98864697,201.188958,0.883825816,-1.266770347,-1.227786418,-0.903473302,0.600313634,83.51767755,24.81021255,20.71482633,102.3228097,0.399711249,83.44142043,23.90165889,21.28657335,98.862986,-0.003991187,-0.071435977,-0.24530845,0.203939865,0.190876102
Woody Mayfield,502,168.5320717,55.27729084,46.21015936,207.7129482,-0.509960159,0.857569721,0.468924303,1.377888446,0.60950996,84.58426295,28.43167331,22.59501992,105.8541833,0.39049004,83.937251,26.8376494,23.61474104,101.8587649,-0.026543825,0.338844622,-0.061752988,-0.041434263,-0.08685259
Ed Middleton,621,167.5154589,56.31803543,46.81594203,206.6286634,-0.933977456,2.054911433,1.119645733,1.016425121,0.629731079,83.90080515,28.89066023,22.89597424,105.0085346,0.370268921,83.6041868,27.40547504,23.90837359,101.6304348,0.01852818,-0.060386473,-0.090821256,-0.025442834,-0.607085346
Paul Mihalak,527,170.5590133,55.6544592,46.67893738,209.1165085,0.517836812,1.035104364,0.831878558,1.190512334,0.631834915,85.49108159,28.40986717,23.01764706,106.7971537,0.368165085,85.07001898,27.21916509,23.66129032,102.3121442,0.014220114,0.10683112,-0.509867173,0.420872865,0.29772296
Jack Nies,1337,164.7787584,52.25796559,44.33605086,199.3592371,0.083769634,0.011219147,-0.540762902,0.12131638,0.610424832,82.59027674,26.55071055,21.93762154,101.6388182,0.389575168,82.19454001,25.7459985,22.4,97.71062079,-0.006262528,0.120344054,-0.502318624,0.361032162,0.270007479
Tommy Nunez Sr.,966,164.055383,53.81770186,46.81438923,199.6627329,-2.572153209,0.878674948,1.484161491,-1.708074534,0.620108696,82.19679089,27.48819876,22.89492754,101.7759834,0.379891304,81.8510352,26.32681159,23.91687371,97.88747412,0.004932712,0.033333333,-0.190786749,-0.156935818,0.077122153
Ronnie Nunn,845,165.4345562,55.51147929,46.39076923,203.36,-1.098461538,2.427100592,1.027455621,1.926272189,0.61175503,82.88319527,28.61443787,22.63207101,103.6137278,0.38824497,82.54994083,26.88544379,23.75988166,99.74544379,-0.01187929,0.038106509,0.384260355,-0.27112426,0.04887574
Bill Oakes,690,168.5572464,52.59942029,45.16376812,203.8269565,0.050434783,-1.68057971,-0.535507246,-1.829275362,0.637665217,84.4084058,26.77333333,22.32695652,103.8902899,0.362334783,84.15869565,25.82608696,22.82884058,99.92681159,0.03393913,-0.122753623,-0.657391304,0.50173913,-0.009710145
Jake O'Donnell,492,172.6109756,54.22113821,44.88252033,210.2890244,0.274796748,-1.025609756,-1.119105691,-0.127235772,0.636207317,86.40487805,28.08658537,21.82601626,107.295122,0.363792683,86.2203252,26.13536585,23.02804878,102.9796748,0.005130081,-0.034552846,0.069105691,-0.038211382,-0.152439024
Ron Olesiak,1128,164.2721631,51.41303191,44.65930851,197.8730496,-0.417996454,-0.806914894,-0.245301418,-1.322783688,0.618794326,82.2108156,26.54299645,21.90833333,100.7958333,0.381205674,82.07748227,24.88590426,22.75257092,97.07393617,0.011829787,-0.185460993,0.358421986,-0.009663121,0.053634752
Blane Reichelt,932,166.0579399,53.72478541,45.1555794,201.9922747,-0.158369099,1.116309013,0.043776824,1.342381974,0.581623391,83.41598712,26.99806867,22.46630901,102.531867,0.418376609,82.64796137,26.72017167,22.68562232,99.45675966,-0.070457082,0.436909871,-1.067596567,0.601180258,-0.716416309
Wally Rooney,308,173.7993506,56.45974026,48.03636364,213.2967532,-0.942857143,0.627272727,1.879220779,0.027922078,0.64924026,87.17662338,29.55064935,23.26558442,109.1201299,0.350967532,86.6012987,26.90909091,24.81233766,104.1980519,0.007422078,0.512987013,0.548051948,-0.240909091,0.177272727
Eddie F. Rush,1489,164.8016118,51.6889859,44.45466756,199.0820685,0.287844191,-0.029281397,0.0758227,-0.089187374,0.603813298,82.32572196,26.77098724,21.65554063,101.1187374,0.396186702,82.46668905,24.92081934,22.79986568,97.97662861,-0.015175957,-0.413364674,0.559771659,-0.304432505,-0.438079248
Ed T. Rush,635,170.0714961,53.42897638,45.0615748,206.2502362,0.601417323,-0.994015748,-0.717952756,-0.879685039,0.629837795,85.04377953,27.57496063,21.9096063,105.4503937,0.370162205,85.02913386,25.85448819,23.16409449,100.8012598,0.013959055,-0.323464567,0.022834646,-0.189291339,0.534488189
Bill Saar,327,173.8816514,55.50672783,45.38134557,211.483792,-0.051376147,-0.019266055,-0.562079511,-0.428440367,0.636,87.09847095,28.93608563,22.01039755,107.9651376,0.364,86.77033639,26.58807339,23.38440367,103.5489297,-0.010333333,0.157798165,0.358409786,-0.118960245,-0.277675841
Bennett Salvatore,1520,163.9691447,52.97671053,45.06013158,200.1646053,-0.304605263,1.666513158,0.889013158,1.183026316,0.633586184,81.92901316,27.19171053,22.23032895,101.8436184,0.366413816,82.02888158,25.79157895,22.84763158,98.34664474,0.047122368,-0.321118421,0.158947368,0.179802632,-0.008881579
Derrick Stafford,1767,165.4953028,49.98670062,43.56015846,199.6625354,0.672269383,-0.382116582,0.109394454,-0.093265422,0.618561969,82.94770798,25.54482173,21.39779287,101.5153367,0.381438031,82.54368987,24.43791737,22.15268817,98.14318053,0.026429542,0.198245614,-0.09213356,0.032314658,0.009224675
Earl Strom,131,178.5175573,51.2,41.29923664,212.9091603,2.403816794,-6.102290076,-5.603816794,-3.257251908,0.595549618,89.55725191,25.40534351,20.74580153,108.759542,0.404450382,88.9610687,25.84427481,20.55343511,104.1496183,-0.130656489,0.493129771,-2.588549618,1.392366412,-0.741984733
Jess Thompson,53,176.7226415,53.92641509,45.38867925,215.3622642,-1.045283019,-3.605660377,-1.873584906,-2.722641509,0.546773585,87.89056604,28.1509434,21.92641509,109.0075472,0.453226415,88.83207547,25.7754717,23.46226415,106.354717,-0.258132075,-1.41509434,0.075471698,-0.228301887,-2.913207547
George Toliver,731,166.8845417,53.9749658,45.97414501,202.1307798,0.154856361,1.213132695,0.750615595,0.880437756,0.64705472,83.59630643,27.91778386,22.54432285,103.2050616,0.35294528,83.29056088,26.08440492,23.43816689,98.93406293,0.054957592,0.015184679,0.464295486,-0.041586867,0.377701778
Don Vaden,851,166.573208,53.75346651,46.07215041,202.0184489,-0.178730905,0.899529965,0.732784959,0.488719154,0.615752056,83.54018801,27.46991774,22.81656874,102.8652174,0.384247944,83.02867215,26.30152761,23.26157462,99.15229142,-0.00340423,0.188484136,-0.16333725,0.392596945,-0.127967098
Greg Willard,1483,165.0610924,50.90856372,43.69352664,198.8026972,0.90836143,-0.68698584,-0.615643965,0.04045853,0.635826028,82.44558328,26.33573837,21.27828726,101.5763318,0.364173972,82.6238031,24.57612947,22.41058665,97.21631827,0.051787593,-0.448010789,0.482939987,-0.293189481,0.836210384
Tommie Wood,612,166.7341503,54.80490196,46.26568627,204.2880719,-0.828267974,0.986111111,0.550326797,0.462908497,0.655254902,83.68415033,28.40294118,22.37696078,104.6650327,0.344745098,83.05490196,26.4380719,23.87075163,99.60522876,0.070236928,0.308006536,0.469281046,-0.51503268,1.128921569
Ken Clark,1,189,55,51,243,14.7,-2,4.5,29,0,96,28,25,120,1,93,27,26,123,-1.288,3.3,-1.2,0.2,-8
Mike Costabile,160,174.7575,56.831875,45.6625,214.61625,1.069375,1.454375,-0.185,2.779375,0.63119375,87.373125,29.695625,22.31625,109.94375,0.36880625,87.415,27.13625,23.34625,104.66875,-0.0005875,-0.11625,0.500625,0.16375,0.71875
Joe DeRosa,1195,163.0841004,51.74828452,43.97154812,197.2094561,0.021422594,0.224351464,-0.47958159,-0.199079498,0.605865272,81.36309623,26.59129707,21.46543933,100.2771548,0.394134728,81.7358159,25.15564854,22.50711297,96.92200837,-0.000139749,-0.668368201,0.256066946,-0.291380753,-0.048786611
David Jones,1570,163.7728025,50.07006369,43.06923567,197.4110191,0.017324841,-0.340063694,-0.512866242,-0.564840764,0.610789172,81.84515924,25.90738854,20.97853503,100.5840764,0.389221019,81.92636943,24.13847134,22.0955414,96.83528662,0.014683439,-0.294458599,0.602993631,-0.341910828,0.438471338
Tom O'Neill,44,171,57.6,48.5,214.9,-3.3,0.6,2,0.9,0.727,85.3,30.6,22.9,111.1,0.273,85.7,27,25.6,103.8,0.167,-0.1,1.3,-1.5,2.3
Pete Quinn,55,172.7272727,62.75818182,48.98909091,215,-1.587272727,5.932727273,2.518181818,1.203636364,0.636109091,86.51818182,32.24181818,24.20181818,109.0690909,0.363890909,86.20909091,30.53090909,24.80181818,105.9309091,-0.019290909,0.68,-0.503636364,0.643636364,-1.732727273
Bill Spooner,1541,165.0434783,49.64341337,42.49065542,199.8479559,0.559377028,-0.438741077,-0.858014276,0.689422453,0.575626217,82.67819598,25.45366645,20.85249838,101.3247242,0.424373783,82.38617781,24.19409474,21.65983128,98.51784555,-0.052288125,0.089617132,0.130564568,-0.065736535,-0.463335496
Barney Woodfield,1,233,74,58,260,58.7,17,11.5,46,0,112,39,29,128,1,121,35,29,132,-1.288,-8.7,1.8,1.2,-9
Mike Callahan,1684,164.2460808,48.17185273,42.44643705,197.6188836,-0.013895487,-1.370427553,-0.639251781,-1.398337292,0.592038005,82.13165083,24.69804038,20.88426366,100.3126485,0.407961995,82.11793349,23.48016627,21.5662114,97.29643705,-0.015359264,-0.19239905,0.151306413,0.025178147,-0.146674584
Ron Mathis,45,170.2,54.2,44.8,210.8,-4.2,-1.6,-1.5,-1.8,0.511,85.5,26.7,22,106.6,0.489,84.7,27.5,22.8,104.2,-0.296,1,-3.1,0.6,-2.4
Mark Wunderlich,1111,162.7321332,49.83546355,43.25958596,195.1148515,0.082718272,-1.391989199,-1.068856886,-1.481638164,0.603081908,81.33771377,25.14347435,21.49342934,99.09351935,0.396918092,81.40027003,24.71377138,21.76480648,96.02016202,-0.003269127,-0.378667867,-0.727362736,0.472907291,-0.3090009
Tom White,1,180,38,40,184,5.3,-15.4,-4.5,-26.6,0,99,14,21,90,1,81,24,19,94,-1.263,17.8,-12,3.3,-8.5
Monty McCutchen,1455,163.4279725,49.1147079,43.67443299,196.8584192,0.403024055,-0.174364261,0.748247423,-0.369140893,0.597893471,81.98453608,24.7633677,21.6556701,99.78618557,0.402106529,81.42707904,24.34405498,22.0224055,97.06446735,-9.42E-05,0.367697595,-0.610927835,0.330515464,-0.399381443
Tim Donaghy,753,160.3807437,52.55458167,45.8997344,194.2936255,-0.084329349,1.63439575,1.233200531,1.460424967,0.604316069,80.17861886,26.737583,22.76533865,98.82576361,0.395683931,80.15896414,25.83678619,23.12177955,95.48419655,0.003531208,-0.31752988,-0.056573705,0.291766268,0.095750332
Ron Elisiak,6,157.3333333,50.16666667,45,195.3333333,-3.933333333,-3.066666667,-1.366666667,-4.933333333,0.666666667,80.7,23.36666667,22.7,100.6666667,0.333333333,76.7,26.86666667,22.36666667,94.66666667,0.131333333,3.5,-4.8,1.133333333,2.8
Bennie Adams,1388,163.5657061,48.21505764,42.69243516,197.3741354,-0.032276657,-0.329178674,0.258933718,-0.710806916,0.575603746,81.76721902,24.66894813,21.01757925,100.2076369,0.424396254,81.80893372,23.52838617,21.68912104,97.16772334,-0.039120317,-0.193876081,0.18926513,-0.002017291,0.062824207
Pat Adams,38,159.6815789,56.96842105,46.96315789,204.3289474,-0.692105263,4.173684211,0.897368421,5.536842105,0.763394737,80.55789474,30.14736842,23.15,105.65,0.236605263,79.12368421,26.82105263,23.81315789,98.77631579,0.321184211,0.744736842,1.939473684,0.134210526,3.681578947
Ron Arthur,18,153.7,62.2,50.3,198.8,-6.7,9.4,4.2,-0.2,0.722,77.5,32.2,24.2,102.8,0.278,76.2,29.9,26.1,96,0.238,0.6,1,-1.1,3.6
Suren Arzoumanian,18,160.7,56.4,46.3,201.9,0.3,3.6,0.2,2.9,0.611,82.1,29.3,22.5,103.5,0.389,78.6,27.1,23.8,98.4,0.016,2.9,1,-0.5,1.9
Mark Ayotte,1005,167.4855721,47.95920398,41.52089552,205.4286567,0.884477612,0.387860697,0.050149254,1.141393035,0.621863682,83.3958209,24.62258706,20.41671642,104.4101493,0.378136318,84.09651741,23.32895522,21.10527363,101.0055721,0.065964179,-0.696218905,0.268557214,-0.006069652,0.657711443
Mark Bakko,1,145,73,55,215,-15.4,20.2,8.9,16,1,71,48,24,112,0,74,25,31,103,0.794,-3.7,21.7,-6.2,5.8
Bruce Bell,14,164.7,59.1,48.3,206.7,4.3,6.3,2.2,7.7,0.5,81.9,32.1,23.7,103.6,0.5,82.9,26.9,24.6,103.1,-0.206,-1.7,3.9,-0.1,-2.8
Mike Bobiak,19,161.5,56.1,47.3,200.9,1.1,3.3,1.2,1.9,0.737,80.4,30.4,22.5,104.3,0.263,81.1,25.7,24.7,96.6,0.268,-1.4,3.3,-1.4,4.5
George Borgia,1,166,29,34,199,5.6,-23.8,-12.1,0,1,85,18,16,103,0,81,11,18,96,0.794,3.3,5.7,-1.2,3.8
Eric Britto,15,155.7,63.2,52.3,197.3,-4.7,10.4,6.2,-1.7,0.667,79.2,30.3,26.1,101.7,0.333,76.5,32.9,26.2,95.7,0.127,2,-4,0.7,2.8
Ed Clarke,2,161,48,39,189,0.6,-4.8,-7.1,-10,1,81,24,18.5,97.5,0,80,24,20.5,91.5,0.794,0.3,-1.3,-1.2,2.8
Keith Cooper,10,161.6,53.7,46.6,198.2,1.2,0.9,0.5,-0.8,0.7,80.9,26.3,23.1,101.9,0.3,80.7,27.4,23.5,96.3,0.194,-0.5,-2.4,0.4,2.4
Mike Crumb,1,161,62,46,190,0.6,9.2,-0.1,-9,1,79,35,23,107,0,82,27,23,83,0.794,-3.7,6.7,0.8,20.8
Tom Drakeford,11,154,65.5,51.8,204,-6.4,12.7,5.7,5,0.727,76.1,36.3,24.6,103.9,0.273,77.9,29.3,27.2,100.1,0.249,-2.5,5.7,-1.7,0.6
Kevin Fehr,1022,161.366047,48.40019569,42.60636008,192.708317,0.166242661,-1.368590998,-0.733170254,-1.63072407,0.584235812,80.65019569,24.59158513,21.08268102,97.77172211,0.415764188,80.69197652,23.79784736,21.54823875,94.91810176,-0.036407045,-0.304500978,-0.225831703,0.227201566,-0.354794521
John Fullilove,9,167.7,61,50.1,213.7,7.3,8.2,4,14.7,0.667,84.1,32.7,24.6,109.2,0.333,83.6,28.3,25.6,104.4,0.127,-0.1,3,-0.2,1.6
Ed Gaines,7,151.6,58.4,49.7,200.6,-8.8,5.6,3.6,1.6,0.857,76.1,28.9,25.1,103,0.143,75.4,29.6,24.6,97.6,0.508,0,-2,1.4,2.2
Michael Glass,7,145.3,59,50.4,198.1,-15.1,6.2,4.3,-0.9,0.571,74.1,30.7,24,99.9,0.429,71.1,28.3,26.4,98.3,-0.063,2.3,1.1,-1.6,-1.6
Marcel Godfrey,14,156.9,56,48.2,199.2,-3.5,3.2,2.1,0.2,0.357,77,30.6,22.1,98.1,0.643,79.9,25.4,26.1,101.1,-0.492,-3.6,3.8,-3.1,-6.1
Roy Gulbeyan,15,156.6,67.1,54.2,207.9,-3.8,14.3,8.1,8.9,0.6,77.9,36.2,25.9,105.3,0.4,78.7,30.9,28.3,102.7,-0.006,-1.6,4,-1.5,-0.6
John Heatley,16,163.5,60.3,48.9,205.9,3.1,7.5,2.8,6.9,0.75,80.6,31.9,22.4,106.6,0.25,82.9,28.3,26.5,99.3,0.294,-3,2.3,-3.3,4.1
Joe Henderson,4,166,48.8,42.5,204.5,5.6,-4,-3.6,5.5,0.25,89.3,20,22.5,103,0.75,76.8,28.8,20,101.5,-0.706,11.8,-10.1,3.3,-1.7
Darrell Humphrey,18,164.6,53.3,43.6,204.2,4.2,0.5,-2.5,5.2,0.778,82.6,27.8,21.1,105.4,0.222,82,25.4,22.4,98.8,0.35,-0.1,1.1,-0.5,3.4
Anthony Jordan,224,158.45625,50.84776786,44.04196429,191.659375,-1.591071429,0.28125,-0.31875,-0.006696429,0.620375,79.3625,25.64642857,21.84910714,97.36116071,0.379625,79.07232143,25.22723214,22.24508929,94.278125,0.017080357,-0.010714286,-0.711607143,0.388392857,-0.416071429
Mike Krom,12,168.9,54.9,44.6,203.1,8.5,2.1,-1.5,4.1,0.75,84,29.7,20.8,104.5,0.25,84.9,25.3,23.8,98.6,0.294,-1.6,3.1,-2.3,2.7
Joe Lindsay,10,159.08,54.11,47.58,192.2,-1.14,1.52,1.67,-6.28,0.7003,79.47,26.88,23.8,98.97,0.2997,79.61,27.23,23.78,93.23,0.1992,-0.87,-1.49,0.78,2.69
Mike Maloney,9,157.9,67.1,54.1,208.1,-2.5,14.3,8,9.1,0.556,77.4,35.6,26.8,103.9,0.444,80.4,31.6,27.3,104.2,-0.095,-3.7,2.7,0.2,-3.5
Keith McClellan,19,162.1,58.4,46.4,203.8,1.7,5.6,0.3,4.8,0.737,81.2,31.2,22.5,104.1,0.263,80.9,27.2,23.9,99.7,0.268,-0.4,2.7,-0.7,1.2
Rashan Michel,212,161.6193396,49.525,43.90801887,189.6716981,0.864622642,-1.610377358,-1.362264151,-1.16509434,0.575471698,81.2004717,25.26792453,21.70801887,95.93820755,0.424528302,80.47264151,24.24056604,22.2,93.73254717,-0.059542453,0.416981132,0.205660377,0.002358491,-0.974528302
Quintin Murphy,7,158.3,60.7,48.1,204.1,-2.1,7.9,2,5.1,0.857,80.6,31.1,22.1,107.9,0.143,77.7,29.6,26,96.3,0.508,2.2,0.3,-3.1,8.4
Larry Onusz,10,159.7,58.1,48.3,200.1,-0.7,5.3,2.2,1.1,0.4,80.8,30.8,22.5,101.7,0.6,78.9,27.3,25.8,98.4,-0.406,1.2,2.2,-2.5,0.1
Jason Phillips,1158,164.4653713,48.10639033,41.79015544,198.7497409,0.430829016,-0.265544041,-0.472107081,0.023488774,0.611531088,82.41096718,24.54637306,20.57996546,100.9618307,0.388468912,82.0455095,23.56381693,21.20915371,97.79507772,0.027149396,0.253713299,-0.044041451,0.075561313,0.122884283
Michael Price,15,160.3,61.7,51,199.3,-0.1,8.9,4.9,0.3,0.667,79.5,33.3,23.7,101.3,0.333,80.9,28.3,27.3,98,0.127,-2.1,3.7,-2.9,0.1
Leroy Richardson,1447,164.1559779,48.97436075,42.65832757,199.1201797,-0.104975812,0.481271596,0.218037319,-0.054319281,0.597091223,82.12294402,25.1430546,20.8634416,101.0145128,0.402908777,82.04616448,23.82301313,21.79854872,98.12100898,0.00482792,-0.054664824,0.353213545,-0.279336558,-0.071803732
Robbie Robinson,178,157.5359551,56.14157303,47.51460674,197.1539326,-1.933707865,3.808988764,2.383146067,1.512359551,0.606595506,78.78314607,28.89213483,23.10898876,100.3707865,0.393404494,78.74831461,27.25955056,24.4,96.83483146,0.013629213,-0.17752809,0.434831461,-0.414606742,0.401123596
Doug Rogan,17,162.9,60.4,50.6,202.9,2.5,7.6,4.5,3.9,0.706,81.8,30.7,25.1,104.5,0.294,81.1,29.6,25.6,98.4,0.206,-0.1,-0.2,0.3,3
Bob Schoewe,15,155.1,58.8,46.9,196.9,-5.3,6,0.8,-2.1,0.8,77.3,30.9,21.7,105,0.2,77.9,27.9,25.2,91.9,0.394,-1.3,1.8,-2.7,9.9
Lamont Simpson,17,159.9,55.9,47.8,202.5,-0.5,3.1,1.7,3.5,0.471,80.8,28.7,23.5,101.1,0.529,79.2,27.2,24.3,101.5,-0.265,0.9,0.2,0,-3.6
Bert Smith,1,169,52,46,195,8.6,-0.8,-0.1,-4,1,85,30,19,106,0,84,22,27,89,0.794,0.3,6.7,-7.2,13.8
Troy Stevenson,12,159,64.3,49,202.2,-1.4,11.5,2.9,3.2,0.583,79.9,33.5,23.7,102.6,0.417,79.1,30.8,25.3,99.6,-0.039,0.1,1.5,-0.9,-0.2
Allen Williams,11,159.8,58.6,47.9,192.1,-0.6,5.8,1.8,-6.9,0.727,80.5,32.1,22.2,100.5,0.273,79.3,26.5,25.7,91.5,0.249,0.6,4.2,-2.7,5.8
Kenneth Wilson,13,159.2,61.5,52.3,206.5,-1.2,8.7,6.2,7.5,0.538,81.6,32.3,24.9,103.8,0.462,77.5,29.2,27.4,102.8,-0.129,3.4,1.9,-1.7,-2.2
Keith Winfrey,2,181,54,49.5,202.5,20.6,1.2,3.4,3.5,1,88,29,24.5,103,0,93,25,25,99.5,0.794,-5.7,2.7,0.3,0.3
Lionel Yates,17,161.5,61.5,50.3,209.2,1.1,8.7,4.2,10.2,0.412,82.7,33,24.5,104.8,0.588,78.8,28.5,25.8,104.4,-0.382,3.2,3.2,-0.4,-2.8
Gary Zielinski,1036,164.613417,47.46332046,41.31592664,198.6783784,0.825,-0.730501931,-0.604247104,-0.154150579,0.638947876,82.26206564,24.6269305,20.0780888,101.4984556,0.361052124,82.34893822,22.83658301,21.2492278,97.17992278,0.084662162,-0.165830116,0.713996139,-0.436100386,1.275096525
Dee Kantner,247,161.9417004,51.36720648,43.81295547,192.6595142,0.908502024,0.9951417,-0.81659919,2.196761134,0.635817814,81.24534413,26.02753036,21.61497976,98.19595142,0.364182186,80.70364372,25.31417004,22.18461538,94.50445344,0.066967611,0.24534413,-0.056275304,-0.054251012,0.54534413
Violet Palmer,919,162.0521219,49.99445049,43.42785637,195.301741,0.406855277,0.550272035,0.293471164,0.779760609,0.62135691,81.38139282,25.26822633,21.51915125,99.62513602,0.37864309,80.67704026,24.72992383,21.89553863,95.66909684,0.039311208,0.530903156,-0.52796518,0.305331882,0.774211099
Phil Robinson,686,161.8695335,50.603207,44.05685131,195.6364431,0.709183673,0.470262391,0.303206997,1.655247813,0.597565598,80.83790087,25.94344023,21.64650146,99.37478134,0.402434402,81.04970845,24.64169096,22.40962099,96.28892128,-0.014737609,-0.44212828,0.236005831,-0.089212828,-0.208892128
Michael Henderson,238,159.8210084,52.31176471,45.70546218,192.4176471,-0.658823529,2.555462185,1.868487395,1.415966387,0.617705882,80.17983193,27.09789916,22.16890756,98.39411765,0.382294118,79.65756303,25.2302521,23.55714286,93.98361345,0.017840336,0.243277311,0.852521008,-0.687815126,0.910504202
Tony Brown,1109,165.0691614,47.34544635,41.9613165,202.1271416,-0.78503156,-0.387917042,0.284851217,-0.364833183,0.601459874,82.54364292,23.96798918,20.67700631,102.564202,0.398597836,82.52633003,23.37637511,21.26934175,99.56844004,0.017727683,-0.027321912,-0.42245266,0.083228133,0.12245266
Troy Raymond,48,160,44.4,40.4,182.7,0.4,-4,-2.5,-4.1,0.625,80.4,22.5,20.1,93.3,0.375,79.7,21.9,20.3,89.4,0.022,0.1,-0.6,0.5,0.3
Tommy Nunez Jr.,436,162.0098624,50.21926606,42.96926606,199.2183486,0.560779817,0.200917431,0.2,1.713073394,0.598610092,80.98830275,26.12752294,20.90022936,101.6162844,0.401389908,81.01307339,24.07752294,22.10573394,97.62041284,-0.000488532,-0.131192661,0.809174312,-0.37087156,0.916055046
Olandis Poole,570,163.0947368,48.54877193,41.58087719,198.5289474,0.982280702,-0.647719298,-0.745614035,0.744561404,0.580626316,81.83561404,24.57491228,20.60894737,100.6684211,0.419373684,81.26947368,23.98403509,20.95964912,97.86105263,-0.036873684,0.484736842,-0.626140351,0.443333333,-0.26754386
Eli Roe,615,163.5370732,48.93121951,41.9604878,199.6203252,0.121300813,0.577398374,0.256422764,0.580813008,0.60322439,82.25756098,24.71105691,20.70211382,101.3926829,0.39677561,81.30813008,24.22926829,21.27609756,98.23593496,0.01724065,0.897886179,-0.677398374,0.180650407,0.190243902
Haywoode Workman,642,167.5936137,45.95233645,40.09049844,204.8794393,-0.272274143,-0.418691589,-0.504361371,-0.582087227,0.582518692,83.88971963,23.44548287,19.69735202,103.3130841,0.417481308,83.71869159,22.52274143,20.38193146,101.5554517,-0.009278816,0.243925234,-0.020249221,-0.002959502,-0.91728972
Kane Fitzgerald,779,168.9887035,46.8508344,41.29525032,208.1096277,-0.411424904,0.910526316,0.841206675,0.298587933,0.612383825,84.32618742,23.62464698,20.49409499,105.4283697,0.387616175,84.65134788,23.25404365,20.80937099,102.6880616,0.061202824,-0.26508344,-0.453273427,0.293196406,0.155455712
Scott Bolnick,25,162.824,46.952,41.244,198.264,-0.268,0.996,1.216,2.436,0.43984,82.42,21.616,21.628,99.512,0.56016,80.472,25.372,19.68,98.816,-0.32012,1.916,-4.828,2.788,-2.36
Steve Anderson,211,168.2104265,47.06824645,40.85118483,205.9279621,0.38957346,0.803791469,0.428436019,2.313744076,0.59743128,83.94123223,24.3957346,19.84407583,104.3805687,0.40256872,84.25165877,22.61042654,21.08104265,101.5540284,0.02763981,-0.160663507,0.806161137,-0.515165877,0.109952607
Sir Allen Conner,11,163.5909091,45.13636364,39.44545455,191.8090909,0.390909091,0.372727273,0.181818182,-1.727272727,0.909090909,79.9,25.02727273,18.44545455,99.71818182,0.090909091,83.66363636,20.10909091,20.97272727,92.09090909,0.632,-3.790909091,3.772727273,-1.709090909,4.718181818
Brenda Pantoja,7,167.4428571,42.87142857,41.84285714,206.3,2.585714286,-2.728571429,1.414285714,7.557142857,0.285571429,81.14285714,21.31428571,21.44285714,101.8571429,0.714428571,86.3,21.55714286,20.44285714,104.4428571,-0.625428571,-5.042857143,-1.3,1.6,-5.528571429
Kipp Kissinger,2,169,39.5,37,178.5,1.9,-6.2,-3.4,-21.5,1,89,18,19,95,0,80,21.5,18,83.5,0.85,9.1,-4.3,1.6,9.1
Vladimir Voyard-Tadal,12,169.2,49.83333333,42.4,213.3333333,-2.466666667,5.5,2.666666667,1.133333333,0.666666667,82.06666667,26.33333333,20.33333333,110.5,0.333333333,87.06666667,23.5,22.06666667,102.8666667,0.172333333,-4.933333333,2.166666667,-1.133333333,5.266666667
Randy Richardson,6,173.8,36.7,35,209.2,1.7,-6.7,-4.7,-3.5,0.5,91.3,15.7,19,105.8,0.5,82.5,21,16,103.3,-0.158,8.8,-5.8,3.5,0.4